DateTime,UsersPerSecond
2023-11-27 03:08:18,2000
2023-11-27 03:08:21,2000
2023-11-27 03:08:25,2000
2023-11-27 03:08:28,2000
2023-11-27 03:08:32,2000
2023-11-27 03:08:36,2000
2023-11-27 03:08:39,2000
2023-11-27 03:08:43,2000
2023-11-27 03:08:46,2000
2023-11-27 03:08:49,2000
2023-11-27 03:08:53,2000
2023-11-27 03:08:56,2000
2023-11-27 03:09:00,2000
2023-11-27 03:09:03,2000
2023-11-27 03:09:06,2000
2023-11-27 03:09:10,2000
2023-11-27 03:09:13,2000
2023-11-27 03:09:17,2000
2023-11-27 03:09:20,2000
2023-11-27 03:09:23,2000
2023-11-27 03:09:26,2000
2023-11-27 03:09:30,2000
2023-11-27 03:09:33,2000
2023-11-27 03:09:37,2000
2023-11-27 03:09:40,2000
2023-11-27 03:09:43,2000
2023-11-27 03:09:46,2000
2023-11-27 03:09:50,2000
2023-11-27 03:09:53,2000
2023-11-27 03:09:56,2000
2023-11-27 03:10:00,2000
2023-11-27 03:10:03,2000
2023-11-27 03:10:06,2000
2023-11-27 03:10:09,2000
2023-11-27 03:10:13,2000
2023-11-27 03:10:16,2000
DateTime,UsersPerSecond
2023-11-27 03:20:54,100
2023-11-27 03:20:56,100
2023-11-27 03:20:57,100
2023-11-27 03:20:59,100
2023-11-27 03:21:00,100
2023-11-27 03:21:01,100
2023-11-27 03:21:02,100
2023-11-27 03:21:03,99
2023-11-27 03:21:04,100
2023-11-27 03:21:05,100
2023-11-27 03:21:06,100
2023-11-27 03:21:07,100
2023-11-27 03:21:08,100
2023-11-27 03:21:09,100
2023-11-27 03:21:10,100
2023-11-27 03:21:11,100
2023-11-27 03:21:12,100
2023-11-27 03:21:14,100
2023-11-27 03:21:15,100
2023-11-27 03:21:16,100
2023-11-27 03:21:17,100
2023-11-27 03:21:18,100
2023-11-27 03:21:19,99
2023-11-27 03:21:20,100
2023-11-27 03:21:21,100
2023-11-27 03:21:22,100
2023-11-27 03:21:23,100
2023-11-27 03:21:24,100
2023-11-27 03:21:25,100
2023-11-27 03:21:26,100
2023-11-27 03:21:28,100
2023-11-27 03:21:29,100
2023-11-27 03:21:30,100
2023-11-27 03:21:31,99
2023-11-27 03:21:32,99
2023-11-27 03:21:33,100
2023-11-27 03:21:34,99
2023-11-27 03:21:35,99
2023-11-27 03:21:36,100
2023-11-27 03:21:37,100
2023-11-27 03:21:38,99
2023-11-27 03:21:39,100
2023-11-27 03:21:40,99
2023-11-27 03:21:41,100
2023-11-27 03:21:43,100
2023-11-27 03:21:44,100
2023-11-27 03:21:45,99
2023-11-27 03:21:46,99
2023-11-27 03:21:47,100
2023-11-27 03:21:48,99
2023-11-27 03:21:49,100
2023-11-27 03:21:50,100
2023-11-27 03:21:51,99
2023-11-27 03:21:52,100
2023-11-27 03:21:53,99
2023-11-27 03:21:54,99
2023-11-27 03:21:55,100
2023-11-27 03:21:56,99
2023-11-27 03:21:58,99
2023-11-27 03:21:59,99
2023-11-27 03:22:00,99
2023-11-27 03:22:01,99
2023-11-27 03:22:02,99
2023-11-27 03:22:03,99
2023-11-27 03:22:04,100
2023-11-27 03:22:05,99
2023-11-27 03:22:06,99
2023-11-27 03:22:07,100
2023-11-27 03:22:08,100
2023-11-27 03:22:09,99
2023-11-27 03:22:10,100
2023-11-27 03:22:11,99
2023-11-27 03:22:13,100
2023-11-27 03:22:14,100
2023-11-27 03:22:15,99
2023-11-27 03:22:16,99
2023-11-27 03:22:17,99
2023-11-27 03:22:18,100
2023-11-27 03:22:19,99
2023-11-27 03:22:20,99
2023-11-27 03:22:21,100
2023-11-27 03:22:22,99
2023-11-27 03:22:23,100
2023-11-27 03:22:24,100
2023-11-27 03:22:25,100
2023-11-27 03:22:26,100
2023-11-27 03:22:27,100
2023-11-27 03:22:29,99
2023-11-27 03:22:30,99
2023-11-27 03:22:31,100
2023-11-27 03:22:32,100
2023-11-27 03:22:33,100
2023-11-27 03:22:34,99
2023-11-27 03:22:35,100
2023-11-27 03:22:36,99
2023-11-27 03:22:37,99
2023-11-27 03:22:38,100
2023-11-27 03:22:39,99
2023-11-27 03:22:40,99
2023-11-27 03:22:41,100
2023-11-27 03:22:42,100
2023-11-27 03:22:44,99
2023-11-27 03:22:45,99
2023-11-27 03:22:46,99
2023-11-27 03:22:47,99
2023-11-27 03:22:48,100
2023-11-27 03:22:49,99
2023-11-27 03:22:50,99
2023-11-27 03:22:51,100
2023-11-27 03:22:52,100
2023-11-27 03:22:53,99
2023-11-27 03:22:56,2000
2023-11-27 03:22:58,2000
2023-11-27 03:23:00,2000
2023-11-27 03:23:03,2000
2023-11-27 03:23:05,2000
2023-11-27 03:23:08,2000
2023-11-27 03:23:10,2000
2023-11-27 03:23:13,2000
2023-11-27 03:23:15,2000
2023-11-27 03:23:18,2000
2023-11-27 03:23:20,2000
2023-11-27 03:23:23,2000
2023-11-27 03:23:25,2000
2023-11-27 03:23:28,2000
2023-11-27 03:23:30,2000
2023-11-27 03:23:33,2000
2023-11-27 03:23:35,2000
2023-11-27 03:23:38,2000
2023-11-27 03:23:40,2000
2023-11-27 03:23:43,2000
2023-11-27 03:23:45,2000
2023-11-27 03:23:48,2000
2023-11-27 03:23:50,2000
2023-11-27 03:23:53,2000
2023-11-27 03:23:56,2000
2023-11-27 03:23:58,2000
2023-11-27 03:24:01,2000
2023-11-27 03:24:03,2000
2023-11-27 03:24:06,2000
2023-11-27 03:24:08,2000
2023-11-27 03:24:11,2000
2023-11-27 03:24:13,2000
2023-11-27 03:24:16,2000
2023-11-27 03:24:18,2000
2023-11-27 03:24:21,2000
2023-11-27 03:24:24,2000
2023-11-27 03:24:26,2000
2023-11-27 03:24:29,2000
2023-11-27 03:24:31,2000
2023-11-27 03:24:34,2000
2023-11-27 03:24:36,2000
2023-11-27 03:24:39,2000
2023-11-27 03:24:41,2000
2023-11-27 03:24:44,2000
2023-11-27 03:24:46,2000
2023-11-27 03:24:49,2000
2023-11-27 03:24:52,2000
2023-11-27 03:24:54,2000
